date,total_travellers,travellers_spain,travellers_abroad,total_nights,nights_spain,nights_abroad
2021-01-01,64426.0,42324.0,22102.0,124403.0,75385.0,49018.0
2021-02-01,77845.0,55121.0,22724.0,141119.0,89137.0,51982.0
2021-03-01,96346.0,64146.0,32200.0,181077.0,106209.0,74868.0
2021-04-01,99789.0,59229.0,40560.0,210963.0,107864.0,103099.0
2021-05-01,162954.0,75615.0,87339.0,360912.0,137286.0,223626.0
2021-06-01,231372.0,88706.0,142666.0,552505.0,177967.0,374538.0
2021-07-01,342994.0,100090.0,242904.0,958979.0,218128.0,740851.0
2021-08-01,442693.0,94878.0,347815.0,1302988.0,216048.0,1086940.0
2021-09-01,405762.0,102312.0,303450.0,1061704.0,208946.0,852758.0
2021-10-01,498857.0,131297.0,367560.0,1298672.0,276263.0,1022409.0
2021-11-01,442695.0,125077.0,317618.0,1121674.0,236149.0,885525.0
2021-12-01,399024.0,144342.0,254682.0,976580.0,279824.0,696756.0
2022-01-01,297542.0,104096.0,193446.0,738287.0,198346.0,539941.0
2022-02-01,422705.0,122095.0,300610.0,1051797.0,232949.0,818848.0
2022-03-01,541636.0,141363.0,400273.0,1437044.0,272810.0,1164234.0
2022-04-01,660827.0,144248.0,516579.0,1794790.0,293694.0,1501096.0
2022-05-01,695921.0,121543.0,574378.0,1898118.0,254042.0,1644076.0
2022-06-01,699324.0,116100.0,583224.0,1948178.0,238186.0,1709992.0
2022-07-01,745834.0,131917.0,613917.0,2070538.0,273044.0,1797494.0
2022-08-01,714084.0,96358.0,617726.0,2093536.0,212788.0,1880748.0
2022-09-01,713125.0,121281.0,591844.0,1852067.0,239336.0,1612731.0
2022-10-01,746736.0,139998.0,606738.0,1944366.0,282814.0,1661552.0
2022-11-01,595497.0,150835.0,444662.0,1517249.0,284750.0,1232499.0
2022-12-01,542043.0,152465.0,389578.0,1349961.0,284731.0,1065230.0
2023-01-01,523797.0,142686.0,381111.0,1338571.0,266069.0,1072502.0
2023-02-01,553703.0,134687.0,419016.0,1487069.0,270990.0,1216079.0
2023-03-01,663114.0,154063.0,509051.0,1732966.0,303453.0,1429513.0
2023-04-01,716897.0,125368.0,591529.0,1949277.0,255754.0,1693523.0
2023-05-01,774660.0,142258.0,632402.0,1974683.0,266579.0,1708104.0
2023-06-01,757857.0,127237.0,630620.0,1931412.0,233725.0,1697687.0
2023-07-01,788311.0,133720.0,654591.0,2145264.0,280103.0,1865161.0
2023-08-01,763930.0,92500.0,671430.0,2182281.0,197239.0,1985042.0
2023-09-01,733165.0,110334.0,622831.0,1926454.0,212875.0,1713579.0
2023-10-01,754211.0,128511.0,625700.0,1962937.0,256947.0,1705990.0
2023-11-01,639245.0,136749.0,502496.0,1620240.0,262792.0,1357448.0
2023-12-01,570593.0,142849.0,427744.0,1419857.0,268926.0,1150931.0
2024-01-01,544069.0,124769.0,419300.0,1365722.0,234746.0,1130976.0
2024-02-01,588835.0,125927.0,462908.0,1542547.0,231328.0,1311219.0
2024-03-01,699331.0,133896.0,565435.0,1829219.0,252606.0,1576613.0
2024-04-01,723223.0,114690.0,608533.0,1895625.0,216176.0,1679449.0
2024-05-01,793343.0,114193.0,679150.0,2050852.0,220472.0,1830380.0
2024-06-01,751261.0,114516.0,636745.0,1959267.0,214759.0,1744508.0
2024-07-01,790615.0,116030.0,674585.0,2110046.0,227924.0,1882122.0
2024-08-01,782960.0,84456.0,698504.0,2164457.0,171978.0,1992479.0
2024-09-01,710226.0,108863.0,601363.0,1834196.0,210566.0,1623630.0
2024-10-01,767263.0,127730.0,639533.0,1918476.0,234269.0,1684207.0
2024-11-01,652665.0,139507.0,513158.0,1598485.0,250489.0,1347996.0
2024-12-01,600570.0,154379.0,446191.0,1449022.0,270624.0,1178398.0
2025-01-01,569466.0,129769.0,439697.0,1384780.0,227238.0,1157542.0
2025-02-01,614278.0,131823.0,482455.0,1470718.0,227146.0,1243572.0
2025-03-01,704987.0,134176.0,570811.0,1715115.0,235520.0,1479595.0
2025-04-01,786257.0,114376.0,671881.0,1932747.0,201588.0,1731159.0
2025-05-01,831516.0,116905.0,714611.0,1973867.0,205816.0,1768051.0
2025-06-01,814088.0,122722.0,691366.0,1943654.0,203702.0,1739952.0
2025-07-01,851230.0,143561.0,707669.0,2092376.0,258221.0,1834155.0
2025-08-01,823766.0,97274.0,726492.0,2155540.0,185381.0,1970159.0
2025-09-01,794267.0,123757.0,670510.0,1883985.0,213390.0,1670595.0
2025-10-01,834295.0,134779.0,699516.0,1961720.0,220080.0,1741640.0
2025-11-01,708164.0,144163.0,564001.0,1655775.0,247152.0,1408623.0
2025-12-01,667010.0,149144.0,517866.0,1529819.0,244936.0,1284883.0
2026-01-01,636936.0,141843.0,495093.0,1514936.0,248759.0,1266177.0
2026-02-01,655469.0,148241.0,507228.0,1542378.0,265941.0,1276437.0
2026-03-01,719970.0,148722.0,571248.0,1761213.0,278549.0,1482664.0
2026-04-01,784789.0,140825.0,643964.0,1925622.0,264703.0,1660919.0
2026-05-01,854841.0,137723.0,717118.0,1995339.0,247095.0,1748244.0
2026-06-01,836762.0,133381.0,703381.0,1913320.0,235296.0,1678024.0
2026-07-01,876767.0,114427.0,762340.0,2099366.0,209672.0,1889694.0
2026-08-01,912706.0,100991.0,811715.0,2267658.0,192283.0,2075375.0
