month_date,avg_temperature,total_precipitation,total_sunshine,sunshine_hours
2021-03-01,11.119354838709677,22.8,1174759.16,326.3219888888889
2021-04-01,12.879999999999999,38.6,1058421.49,294.0059694444444
2021-05-01,16.948387096774194,36.2,1312771.51,364.6587527777778
2021-06-01,22.776666666666664,25.5,1415663.76,393.23993333333334
2021-07-01,24.66774193548387,16.8,1521023.19,422.50644166666666
2021-08-01,23.887096774193548,60.199999999999996,1340916.35,372.4767638888889
2021-09-01,22.353333333333335,131.0,1083623.49,301.006525
2021-10-01,17.52258064516129,49.6,1016872.34,282.46453888888885
2021-11-01,11.843333333333334,77.4,741663.6900000001,206.01769166666668
2021-12-01,9.735483870967743,3.3,884810.76,245.78076666666666
2022-01-01,7.645161290322581,9.0,960052.08,266.6811333333333
2022-02-01,10.325000000000001,10.6,884867.99,245.79666388888887
2022-03-01,11.903225806451612,98.89999999999999,781109.51,216.9748638888889
2022-04-01,13.54,53.1,1143533.49,317.64819166666666
2022-05-01,19.096774193548388,58.89999999999999,1399530.8800000001,388.7585777777778
2022-06-01,23.87,22.3,1457645.47,404.90151944444443
2022-07-01,25.980645161290322,50.6,1507954.0,418.87611111111113
2022-08-01,26.53548387096774,49.699999999999996,1392430.41,386.786225
2022-09-01,22.236666666666668,76.2,1094858.78,304.1274388888889
2022-10-01,19.780645161290323,34.3,1052912.8,292.4757777777778
2022-11-01,14.76,57.49999999999999,846551.97,235.153325
2022-12-01,11.248387096774193,36.4,839749.36,233.26371111111112
2023-01-01,8.393548387096773,5.7,902697.75,250.749375
2023-02-01,8.792857142857143,54.199999999999996,840916.59,233.58794166666667
2023-03-01,13.167741935483871,3.6,1196005.26,332.2236833333333
2023-04-01,15.19,25.2,1281497.89,355.9716361111111
2023-05-01,17.532258064516128,86.0,1349625.11,374.8958638888889
2023-06-01,23.103333333333335,53.7,1329839.6199999999,369.3998944444444
2023-07-01,25.674193548387095,24.6,1505613.7,418.22602777777774
2023-08-01,25.793548387096774,56.4,1356901.12,376.9169777777778
2023-09-01,22.666666666666668,68.8,1150535.97,319.593325
2023-10-01,20.154838709677417,50.7,1029511.38,285.97538333333335
2023-11-01,14.413333333333332,11.9,845739.46,234.92762777777776
2023-12-01,10.13225806451613,6.8999999999999995,842057.47,233.90485277777776
2024-01-01,9.787096774193548,39.9,815698.68,226.5829666666667
2024-02-01,11.717241379310344,19.5,913683.6,253.801
2024-03-01,12.8,73.5,1072086.9,297.8019166666666
2024-04-01,14.18,142.9,1111588.3,308.7745277777778
2024-05-01,17.0258064516129,39.4,1439683.2,399.912
2024-06-01,21.216666666666665,70.0,1336742.68,371.3174111111111
2024-07-01,24.9741935483871,29.800000000000004,1478682.84,410.7452333333334
2024-08-01,25.9741935483871,35.8,1362791.91,378.5533083333333
2024-09-01,20.56,89.4,1048525.55,291.2570972222222
2024-10-01,18.338709677419356,149.0,949372.05,263.71445833333337
2024-11-01,14.376666666666667,88.3,784194.51,217.83180833333333
2024-12-01,9.558064516129033,30.5,882611.66,245.16990555555557
2025-01-01,10.119354838709677,10.100000000000001,916087.97,254.46888055555556
2025-02-01,10.346428571428572,41.1,759651.91,211.01441944444446
2025-03-01,11.648387096774194,146.0,906443.42,251.7898388888889
2025-04-01,14.673333333333334,31.2,1235161.9,343.10052777777776
2025-05-01,17.906451612903226,72.9,1443021.32,400.83925555555555
2025-06-01,25.45,0.30000000000000004,1460946.04,405.81834444444445
2025-07-01,25.206451612903226,127.9,1401792.64,389.3868444444444
2025-08-01,25.616129032258065,35.2,1380196.76,383.3879888888889
2025-09-01,21.470000000000002,209.9,1122178.81,311.7163361111111
2025-10-01,18.312903225806455,57.4,1017497.72,282.63825555555553
2025-11-01,12.873333333333333,19.7,870462.8,241.79522222222224
2025-12-01,10.641935483870967,161.0,704389.54,195.6637611111111
2026-01-01,9.03225806451613,139.1,682055.4,189.45983333333334
2026-02-01,11.971428571428572,38.5,831709.42,231.03039444444445
